"id","name","province_ids/id"
"cth_district_1","เมืองกระบี่","cth_province_1"
"cth_district_2","เกาะลันตา","cth_province_1"
"cth_district_3","เขาพนม","cth_province_1"
"cth_district_4","คลองท่อม","cth_province_1"
"cth_district_5","ปลายพระยา","cth_province_1"
"cth_district_6","ลำทับ","cth_province_1"
"cth_district_7","เหนือคลอง","cth_province_1"
"cth_district_8","อ่าวลึก","cth_province_1"
"cth_district_9","คลองสาน","cth_province_2"
"cth_district_10","คลองเตย","cth_province_2"
"cth_district_11","จอมทอง","cth_province_2"
"cth_district_12","จตุจักร","cth_province_2"
"cth_district_13","ดุสิต","cth_province_2"
"cth_district_14","ดอนเมือง","cth_province_2"
"cth_district_15","ตลิ่งชัน","cth_province_2"
"cth_district_16","ธนบุรี","cth_province_2"
"cth_district_17","บางกอกน้อย","cth_province_2"
"cth_district_18","บางกอกใหญ่","cth_province_2"
"cth_district_19","บางกะปิ","cth_province_2"
"cth_district_20","บางขุนเทียน","cth_province_2"
"cth_district_21","บางเขน","cth_province_2"
"cth_district_22","บางคอแหลม","cth_province_2"
"cth_district_23","บางซื่อ","cth_province_2"
"cth_district_24","บางพลัด","cth_province_2"
"cth_district_25","บางรัก","cth_province_2"
"cth_district_26","บึงกุ่ม","cth_province_2"
"cth_district_27","ประเวศ","cth_province_2"
"cth_district_28","ปทุมวัน","cth_province_2"
"cth_district_29","ป้อมปราบศัตรูพ่าย","cth_province_2"
"cth_district_30","พญาไท","cth_province_2"
"cth_district_31","พระโขนง","cth_province_2"
"cth_district_32","พระนคร","cth_province_2"
"cth_district_33","ภาษีเจริญ","cth_province_2"
"cth_district_34","มีนบุรี","cth_province_2"
"cth_district_35","ยานนาวา","cth_province_2"
"cth_district_36","ราชเทวี","cth_province_2"
"cth_district_37","ราษฎร์บูรณะ","cth_province_2"
"cth_district_38","ลาดกระบัง","cth_province_2"
"cth_district_39","ลาดพร้าว","cth_province_2"
"cth_district_40","สาทร","cth_province_2"
"cth_district_41","สัมพันธวงศ์","cth_province_2"
"cth_district_42","หนองแขม","cth_province_2"
"cth_district_43","หนองจอก","cth_province_2"
"cth_district_44","ห้วยขวาง","cth_province_2"
"cth_district_45","สวนหลวง","cth_province_2"
"cth_district_46","ดินแดง","cth_province_2"
"cth_district_47","หลักสี่","cth_province_2"
"cth_district_48","สายไหม","cth_province_2"
"cth_district_49","คันนายาว","cth_province_2"
"cth_district_50","สะพานสูง","cth_province_2"
"cth_district_51","วังทองหลาง","cth_province_2"
"cth_district_52","คลองสามวา","cth_province_2"
"cth_district_53","วัฒนา","cth_province_2"
"cth_district_54","บางนา","cth_province_2"
"cth_district_55","ทวีวัฒนา","cth_province_2"
"cth_district_56","บางแค","cth_province_2"
"cth_district_57","ทุ่งครุ","cth_province_2"
"cth_district_58","บางบอน","cth_province_2"
"cth_district_59","เมืองกาญจนบุรี","cth_province_3"
"cth_district_60","ด่านมะขามเตี้ย","cth_province_3"
"cth_district_61","ทองผาภูมิ","cth_province_3"
"cth_district_62","ท่าม่วง","cth_province_3"
"cth_district_63","ท่ามะกา","cth_province_3"
"cth_district_64","ไทรโยค","cth_province_3"
"cth_district_65","บ่อพลอย","cth_province_3"
"cth_district_66","พนมทวน","cth_province_3"
"cth_district_67","เลาขวัญ","cth_province_3"
"cth_district_68","ศรีสวัสดิ์","cth_province_3"
"cth_district_69","สังขละบุรี","cth_province_3"
"cth_district_70","หนองปรือ","cth_province_3"
"cth_district_71","ห้วยกระเจา","cth_province_3"
"cth_district_72","เมืองกาฬสินธุ์","cth_province_4"
"cth_district_73","กมลาไสย","cth_province_4"
"cth_district_74","กุฉินารายณ์","cth_province_4"
"cth_district_75","เขาวง","cth_province_4"
"cth_district_76","คำม่วง","cth_province_4"
"cth_district_77","ท่าคันโท","cth_province_4"
"cth_district_78","นามน","cth_province_4"
"cth_district_79","ยางตลาด","cth_province_4"
"cth_district_80","ร่องคำ","cth_province_4"
"cth_district_81","สมเด็จ","cth_province_4"
"cth_district_82","สหัสขันธ์","cth_province_4"
"cth_district_83","หนองกุงศรี","cth_province_4"
"cth_district_84","ห้วยผึ้ง","cth_province_4"
"cth_district_85","ห้วยเม็ก","cth_province_4"
"cth_district_86","นาคู","cth_province_4"
"cth_district_87","สามชัย","cth_province_4"
"cth_district_88","ดอนจาน","cth_province_4"
"cth_district_89","ฆ้องชัย","cth_province_4"
"cth_district_90","เมืองกำแพงเพชร","cth_province_5"
"cth_district_91","ขาณุวรลักษบุรี","cth_province_5"
"cth_district_92","คลองขลุง","cth_province_5"
"cth_district_93","คลองลาน","cth_province_5"
"cth_district_94","ทรายทองวัฒนา","cth_province_5"
"cth_district_95","ไทรงาม","cth_province_5"
"cth_district_96","ปางศิลาทอง","cth_province_5"
"cth_district_97","พรานกระต่าย","cth_province_5"
"cth_district_98","ลานกระบือ","cth_province_5"
"cth_district_99","บึงสามัคคี","cth_province_5"
"cth_district_100","โกสัมพีนคร","cth_province_5"
"cth_district_101","เมืองขอนแก่น","cth_province_6"
"cth_district_102","กระนวน","cth_province_6"
"cth_district_103","เขาสวนกวาง","cth_province_6"
"cth_district_104","โคกโพธิ์ไชย","cth_province_6"
"cth_district_105","ชำสูง","cth_province_6"
"cth_district_106","ชนบท","cth_province_6"
"cth_district_107","ชุมแพ","cth_province_6"
"cth_district_108","น้ำพอง","cth_province_6"
"cth_district_109","บ้านไผ่","cth_province_6"
"cth_district_110","บ้านฝาง","cth_province_6"
"cth_district_111","เปือยน้อย","cth_province_6"
"cth_district_112","พล","cth_province_6"
"cth_district_113","พระยืน","cth_province_6"
"cth_district_114","ภูเวียง","cth_province_6"
"cth_district_115","ภูผาม่าน","cth_province_6"
"cth_district_116","มัญจาคีรี","cth_province_6"
"cth_district_117","แวงน้อย","cth_province_6"
"cth_district_118","แวงใหญ่","cth_province_6"
"cth_district_119","สีชมพู","cth_province_6"
"cth_district_120","หนองสองห้อง","cth_province_6"
"cth_district_121","หนองเรือ","cth_province_6"
"cth_district_122","หนองนาคำ","cth_province_6"
"cth_district_123","อุบลรัตน์","cth_province_6"
"cth_district_124","โนนศิลา","cth_province_6"
"cth_district_125","บ้านแฮด","cth_province_6"
"cth_district_126","เมืองจันทบุรี","cth_province_7"
"cth_district_127","แก่งหางแมว","cth_province_7"
"cth_district_128","ขลุง","cth_province_7"
"cth_district_129","ท่าใหม่","cth_province_7"
"cth_district_130","นายายอาม","cth_province_7"
"cth_district_131","โป่งน้ำร้อน","cth_province_7"
"cth_district_132","มะขาม","cth_province_7"
"cth_district_133","สอยดาว","cth_province_7"
"cth_district_134","แหลมสิงห์","cth_province_7"
"cth_district_135","เขาคิชฌกูฏ","cth_province_7"
"cth_district_136","เมืองฉะเชิงเทรา","cth_province_8"
"cth_district_137","บางคล้า","cth_province_8"
"cth_district_138","บางน้ำเปรี้ยว","cth_province_8"
"cth_district_139","บางปะกง","cth_province_8"
"cth_district_140","บ้านโพธิ์","cth_province_8"
"cth_district_141","แปลงยาว","cth_province_8"
"cth_district_142","พนมสารคาม","cth_province_8"
"cth_district_143","ราชสาส์น","cth_province_8"
"cth_district_144","สนามชัยเขต","cth_province_8"
"cth_district_145","ท่าตะเกียบ","cth_province_8"
"cth_district_146","คลองเขื่อน","cth_province_8"
"cth_district_147","เมืองชลบุรี","cth_province_9"
"cth_district_148","เกาะสีชัง","cth_province_9"
"cth_district_149","บ่อทอง","cth_province_9"
"cth_district_150","บางละมุง","cth_province_9"
"cth_district_151","บ้านบึง","cth_province_9"
"cth_district_152","พานทอง","cth_province_9"
"cth_district_153","พนัสนิคม","cth_province_9"
"cth_district_154","ศรีราชา","cth_province_9"
"cth_district_155","สัตหีบ","cth_province_9"
"cth_district_156","หนองใหญ่","cth_province_9"
"cth_district_157","เกาะจันทร์","cth_province_9"
"cth_district_158","เมืองชัยนาท","cth_province_10"
"cth_district_159","มโนรมย์","cth_province_10"
"cth_district_160","วัดสิงห์","cth_province_10"
"cth_district_161","สรรคบุรี","cth_province_10"
"cth_district_162","สรรพยา","cth_province_10"
"cth_district_163","หันคา","cth_province_10"
"cth_district_164","หนองมะโมง","cth_province_10"
"cth_district_165","เนินขาม","cth_province_10"
"cth_district_166","เมืองชัยภูมิ","cth_province_11"
"cth_district_167","เกษตรสมบูรณ์","cth_province_11"
"cth_district_168","แก้งคร้อ","cth_province_11"
"cth_district_169","คอนสวรรค์","cth_province_11"
"cth_district_170","คอนสาร","cth_province_11"
"cth_district_171","จัตุรัส","cth_province_11"
"cth_district_172","เทพสถิต","cth_province_11"
"cth_district_173","เนินสง่า","cth_province_11"
"cth_district_174","บ้านเขว้า","cth_province_11"
"cth_district_175","บ้านแท่น","cth_province_11"
"cth_district_176","บำเหน็จณรงค์","cth_province_11"
"cth_district_177","ภูเขียว","cth_province_11"
"cth_district_178","ภักดีชุมพล","cth_province_11"
"cth_district_179","หนองบัวแดง","cth_province_11"
"cth_district_180","หนองบัวระเหว","cth_province_11"
"cth_district_181","ซับใหญ่","cth_province_11"
"cth_district_182","เมืองชุมพร","cth_province_12"
"cth_district_183","ท่าแซะ","cth_province_12"
"cth_district_184","ทุ่งตะโก","cth_province_12"
"cth_district_185","ปะทิว","cth_province_12"
"cth_district_186","พะโต๊ะ","cth_province_12"
"cth_district_187","ละแม","cth_province_12"
"cth_district_188","สวี","cth_province_12"
"cth_district_189","หลังสวน","cth_province_12"
"cth_district_190","เมืองเชียงราย","cth_province_13"
"cth_district_191","ขุนตาล","cth_province_13"
"cth_district_192","เชียงของ","cth_province_13"
"cth_district_193","เชียงแสน","cth_province_13"
"cth_district_194","เทิง","cth_province_13"
"cth_district_195","ป่าแดด","cth_province_13"
"cth_district_196","พาน","cth_province_13"
"cth_district_197","แม่จัน","cth_province_13"
"cth_district_198","แม่ฟ้าหลวง","cth_province_13"
"cth_district_199","แม่สรวย","cth_province_13"
"cth_district_200","แม่สาย","cth_province_13"
"cth_district_2cth_province_1","เวียงแก่น","cth_province_13"
"cth_district_202","เวียงชัย","cth_province_13"
"cth_district_203","เวียงป่าเป้า","cth_province_13"
"cth_district_204","พญาเม็งราย","cth_province_13"
"cth_district_205","แม่ลาว","cth_province_13"
"cth_district_2cth_province_6","ดอยหลวง","cth_province_13"
"cth_district_207","เวียงเชียงรุ้ง","cth_province_13"
"cth_district_208","เมืองเชียงใหม่","cth_province_14"
"cth_district_209","จอมทอง","cth_province_14"
"cth_district_210","เชียงดาว","cth_province_14"
"cth_district_211","ไชยปราการ","cth_province_14"
"cth_district_212","ดอยเต่า","cth_province_14"
"cth_district_213","ดอยหล่อ","cth_province_14"
"cth_district_214","ดอยสะเก็ด","cth_province_14"
"cth_district_215","ฝาง","cth_province_14"
"cth_district_216","พร้าว","cth_province_14"
"cth_district_217","แม่แจ่ม","cth_province_14"
"cth_district_218","แม่แตง","cth_province_14"
"cth_district_219","แม่ริม","cth_province_14"
"cth_district_220","แม่วาง","cth_province_14"
"cth_district_221","แม่อาย","cth_province_14"
"cth_district_222","แม่ออน","cth_province_14"
"cth_district_223","เวียงแหง","cth_province_14"
"cth_district_224","สะเมิง","cth_province_14"
"cth_district_225","สันกำแพง","cth_province_14"
"cth_district_226","สันทราย","cth_province_14"
"cth_district_227","สันป่าตอง","cth_province_14"
"cth_district_228","สารภี","cth_province_14"
"cth_district_229","หางดง","cth_province_14"
"cth_district_230","อมก๋อย","cth_province_14"
"cth_district_231","ฮอด","cth_province_14"
"cth_district_232","เมืองตรัง","cth_province_15"
"cth_district_233","กันตัง","cth_province_15"
"cth_district_234","ปะเหลียน","cth_province_15"
"cth_district_235","ย่านตาขาว","cth_province_15"
"cth_district_236","รัษฎา","cth_province_15"
"cth_district_237","สิเกา","cth_province_15"
"cth_district_238","ห้วยยอด","cth_province_15"
"cth_district_239","วังวิเศษ","cth_province_15"
"cth_district_240","หาดสำราญ","cth_province_15"
"cth_district_241","นาโยง","cth_province_15"
"cth_district_242","เมืองตราด","cth_province_16"
"cth_district_243","เกาะช้าง","cth_province_16"
"cth_district_244","เขาสมิง","cth_province_16"
"cth_district_245","คลองใหญ่","cth_province_16"
"cth_district_246","บ่อไร่","cth_province_16"
"cth_district_247","แหลมงอบ","cth_province_16"
"cth_district_248","เกาะกูด","cth_province_16"
"cth_district_249","เมืองตาก","cth_province_17"
"cth_district_250","ท่าสองยาง","cth_province_17"
"cth_district_251","บ้านตาก","cth_province_17"
"cth_district_252","พบพระ","cth_province_17"
"cth_district_253","แม่ระมาด","cth_province_17"
"cth_district_254","แม่สอด","cth_province_17"
"cth_district_255","สามเงา","cth_province_17"
"cth_district_256","อุ้มผาง","cth_province_17"
"cth_district_257","วังเจ้า","cth_province_17"
"cth_district_258","เมืองนครนายก","cth_province_18"
"cth_district_259","บ้านนา","cth_province_18"
"cth_district_260","ปากพลี","cth_province_18"
"cth_district_261","องครักษ์","cth_province_18"
"cth_district_262","เมืองนครปฐม","cth_province_19"
"cth_district_263","กำแพงแสน","cth_province_19"
"cth_district_264","ดอนตูม","cth_province_19"
"cth_district_265","นครชัยศรี","cth_province_19"
"cth_district_266","บางเลน","cth_province_19"
"cth_district_267","พุทธมณฑล","cth_province_19"
"cth_district_268","สามพราน","cth_province_19"
"cth_district_269","เมืองนครพนม","cth_province_20"
"cth_district_270","ท่าอุเทน","cth_province_20"
"cth_district_271","ธาตุพนม","cth_province_20"
"cth_district_272","นาแก","cth_province_20"
"cth_district_273","นาหว้า","cth_province_20"
"cth_district_274","บ้านแพง","cth_province_20"
"cth_district_275","ปลาปาก","cth_province_20"
"cth_district_276","โพนสวรรค์","cth_province_20"
"cth_district_277","เรณูนคร","cth_province_20"
"cth_district_278","ศรีสงคราม","cth_province_20"
"cth_district_279","วังยาง","cth_province_20"
"cth_district_280","นาทม","cth_province_20"
"cth_district_281","เมืองนครราชสีมา","cth_province_21"
"cth_district_282","แก้งสนามนาง","cth_province_21"
"cth_district_283","ขามทะเลสอ","cth_province_21"
"cth_district_284","ขามสะแกแสง","cth_province_21"
"cth_district_285","คง","cth_province_21"
"cth_district_286","ครบุรี","cth_province_21"
"cth_district_287","จักราช","cth_province_21"
"cth_district_288","ชุมพวง","cth_province_21"
"cth_district_289","โชคชัย","cth_province_21"
"cth_district_290","ด่านขุนทด","cth_province_21"
"cth_district_291","โนนแดง","cth_province_21"
"cth_district_292","โนนไทย","cth_province_21"
"cth_district_293","โนนสูง","cth_province_21"
"cth_district_294","บัวใหญ่","cth_province_21"
"cth_district_295","บ้านเหลื่อม","cth_province_21"
"cth_district_296","ประทาย","cth_province_21"
"cth_district_297","ปักธงชัย","cth_province_21"
"cth_district_298","ปากช่อง","cth_province_21"
"cth_district_299","พิมาย","cth_province_21"
"cth_district_300","วังน้ำเขียว","cth_province_21"
"cth_district_3cth_province_1","สีคิ้ว","cth_province_21"
"cth_district_302","สูงเนิน","cth_province_21"
"cth_district_303","เสิงสาง","cth_province_21"
"cth_district_304","ห้วยแถลง","cth_province_21"
"cth_district_305","หนองบุนนาก","cth_province_21"
"cth_district_306","เทพารักษ์","cth_province_21"
"cth_district_307","เมืองยาง","cth_province_21"
"cth_district_308","พระทองคำ","cth_province_21"
"cth_district_309","ลำทะเมนชัย","cth_province_21"
"cth_district_310","เฉลิมพระเกียรติ","cth_province_21"
"cth_district_311","สีดา","cth_province_21"
"cth_district_312","บัวลาย","cth_province_21"
"cth_district_313","เมืองนครศรีธรรมราช","cth_province_22"
"cth_district_314","ขนอม","cth_province_22"
"cth_district_315","ฉวาง","cth_province_22"
"cth_district_316","ชะอวด","cth_province_22"
"cth_district_317","เชียรใหญ่","cth_province_22"
"cth_district_318","ท่าศาลา","cth_province_22"
"cth_district_319","ทุ่งใหญ่","cth_province_22"
"cth_district_320","ทุ่งสง","cth_province_22"
"cth_district_321","พระพรหม","cth_province_22"
"cth_district_322","นาบอน","cth_province_22"
"cth_district_323","บางขัน","cth_province_22"
"cth_district_324","ปากพนัง","cth_province_22"
"cth_district_325","พรหมคีรี","cth_province_22"
"cth_district_326","พิปูน","cth_province_22"
"cth_district_327","ร่อนพิบูลย์","cth_province_22"
"cth_district_328","ลานสะกา","cth_province_22"
"cth_district_329","สิชล","cth_province_22"
"cth_district_330","หัวไทร","cth_province_22"
"cth_district_331","จุฬาภรณ์","cth_province_22"
"cth_district_332","นบพิตำ","cth_province_22"
"cth_district_333","ช้างกลาง","cth_province_22"
"cth_district_334","ถ้ำพรรณรา","cth_province_22"
"cth_district_335","เฉลิมพระเกียรติ","cth_province_22"
"cth_district_336","เมืองนครสวรรค์","cth_province_23"
"cth_district_337","เก้าเลี้ยว","cth_province_23"
"cth_district_338","โกรกพระ","cth_province_23"
"cth_district_339","ชุมแสง","cth_province_23"
"cth_district_340","ตากฟ้า","cth_province_23"
"cth_district_341","ตาคลี","cth_province_23"
"cth_district_342","ท่าตะโก","cth_province_23"
"cth_district_343","บรรพตพิสัย","cth_province_23"
"cth_district_344","พยุหคีรี","cth_province_23"
"cth_district_345","ไพศาลี","cth_province_23"
"cth_district_346","แม่วงก์","cth_province_23"
"cth_district_347","ลาดยาว","cth_province_23"
"cth_district_348","หนองบัว","cth_province_23"
"cth_district_349","แม่เปิน","cth_province_23"
"cth_district_350","ชุมตาบง","cth_province_23"
"cth_district_351","เมืองนนทบุรี","cth_province_24"
"cth_district_352","ไทรน้อย","cth_province_24"
"cth_district_353","บางกรวย","cth_province_24"
"cth_district_354","บางบัวทอง","cth_province_24"
"cth_district_355","บางใหญ่","cth_province_24"
"cth_district_356","ปากเกร็ด","cth_province_24"
"cth_district_357","เมืองนราธิวาส","cth_province_25"
"cth_district_358","จะแนะ","cth_province_25"
"cth_district_359","ตากใบ","cth_province_25"
"cth_district_360","บาเจาะ","cth_province_25"
"cth_district_361","ยี่งอ","cth_province_25"
"cth_district_362","ระแงะ","cth_province_25"
"cth_district_363","รือเสาะ","cth_province_25"
"cth_district_364","แว้ง","cth_province_25"
"cth_district_365","ศรีสาคร","cth_province_25"
"cth_district_366","สุคิริน","cth_province_25"
"cth_district_367","สุไหงโกลก","cth_province_25"
"cth_district_368","สุไหงปาดี","cth_province_25"
"cth_district_369","เจาะไอร้อง","cth_province_25"
"cth_district_370","เมืองน่าน","cth_province_26"
"cth_district_371","เชียงกลาง","cth_province_26"
"cth_district_372","ท่าวังผา","cth_province_26"
"cth_district_373","ทุ่งช้าง","cth_province_26"
"cth_district_374","นาน้อย","cth_province_26"
"cth_district_375","นาหมื่น","cth_province_26"
"cth_district_376","บ้านหลวง","cth_province_26"
"cth_district_377","ปัว","cth_province_26"
"cth_district_378","แม่จริม","cth_province_26"
"cth_district_379","เวียงสา","cth_province_26"
"cth_district_380","สันติสุข","cth_province_26"
"cth_district_381","บ่อเกลือ","cth_province_26"
"cth_district_382","สองแคว","cth_province_26"
"cth_district_383","เฉลิมพระเกียรติ","cth_province_26"
"cth_district_384","ภูเพียง","cth_province_26"
"cth_district_385","เมืองบุรีรัมย์","cth_province_27"
"cth_district_386","กระสัง","cth_province_27"
"cth_district_387","คูเมือง","cth_province_27"
"cth_district_388","ชำนิ","cth_province_27"
"cth_district_389","นาโพธิ์","cth_province_27"
"cth_district_390","นางรอง","cth_province_27"
"cth_district_391","โนนดินแดง","cth_province_27"
"cth_district_392","โนนสุวรรณ","cth_province_27"
"cth_district_393","บ้านกรวด","cth_province_27"
"cth_district_394","พลับพลาชัย","cth_province_27"
"cth_district_395","บ้านใหม่ไชยพจน์","cth_province_27"
"cth_district_396","ประโคนชัย","cth_province_27"
"cth_district_397","ปะคำ","cth_province_27"
"cth_district_398","พุทไธสง","cth_province_27"
"cth_district_399","ละหานทราย","cth_province_27"
"cth_district_400","ลำปลายมาศ","cth_province_27"
"cth_district_4cth_province_1","สตึก","cth_province_27"
"cth_district_402","หนองกี่","cth_province_27"
"cth_district_403","หนองหงส์","cth_province_27"
"cth_district_404","ห้วยราช","cth_province_27"
"cth_district_405","บ้านด่าน","cth_province_27"
"cth_district_406","เฉลิมพระเกียรติ","cth_province_27"
"cth_district_407","แคนดง","cth_province_27"
"cth_district_408","เมืองปทุมธานี","cth_province_28"
"cth_district_409","คลองหลวง","cth_province_28"
"cth_district_410","ธัญบุรี","cth_province_28"
"cth_district_411","ลาดหลุมแก้ว","cth_province_28"
"cth_district_412","ลำลูกกา","cth_province_28"
"cth_district_413","สามโคก","cth_province_28"
"cth_district_414","หนองเสือ","cth_province_28"
"cth_district_415","เมืองประจวบคีรีขันธ์","cth_province_29"
"cth_district_416","กุยบุรี","cth_province_29"
"cth_district_417","ทับสะแก","cth_province_29"
"cth_district_418","บางสะพาน","cth_province_29"
"cth_district_419","บางสะพานน้อย","cth_province_29"
"cth_district_420","ปราณบุรี","cth_province_29"
"cth_district_421","หัวหิน","cth_province_29"
"cth_district_422","สามร้อยยอด","cth_province_29"
"cth_district_423","เมืองปราจีนบุรี","cth_province_30"
"cth_district_424","กบินทร์บุรี","cth_province_30"
"cth_district_425","ศรีมโหสถ","cth_province_30"
"cth_district_426","นาดี","cth_province_30"
"cth_district_427","บ้านสร้าง","cth_province_30"
"cth_district_428","ประจันตคาม","cth_province_30"
"cth_district_429","ศรีมหาโพธิ","cth_province_30"
"cth_district_430","เมืองปัตตานี","cth_province_31"
"cth_district_431","กะพ้อ","cth_province_31"
"cth_district_432","โคกโพธิ์","cth_province_31"
"cth_district_433","ทุ่งยางแดง","cth_province_31"
"cth_district_434","ปะนาเระ","cth_province_31"
"cth_district_435","มายอ","cth_province_31"
"cth_district_436","ไม้แก่น","cth_province_31"
"cth_district_437","ยะรัง","cth_province_31"
"cth_district_438","ยะหริ่ง","cth_province_31"
"cth_district_439","สายบุรี","cth_province_31"
"cth_district_440","หนองจิก","cth_province_31"
"cth_district_441","แม่ลาน","cth_province_31"
"cth_district_442","พระนครศรีอยุธยา","cth_province_32"
"cth_district_443","ท่าเรือ","cth_province_32"
"cth_district_444","นครหลวง","cth_province_32"
"cth_district_445","บางซ้าย","cth_province_32"
"cth_district_446","บางไทร","cth_province_32"
"cth_district_447","บางบาล","cth_province_32"
"cth_district_448","บางปะหัน","cth_province_32"
"cth_district_449","บางปะอิน","cth_province_32"
"cth_district_450","บ้านแพรก","cth_province_32"
"cth_district_451","ผักไห่","cth_province_32"
"cth_district_452","ภาชี","cth_province_32"
"cth_district_453","มหาราช","cth_province_32"
"cth_district_454","ลาดบัวหลวง","cth_province_32"
"cth_district_455","วังน้อย","cth_province_32"
"cth_district_456","เสนา","cth_province_32"
"cth_district_457","อุทัย","cth_province_32"
"cth_district_458","เมืองพะเยา","cth_province_33"
"cth_district_459","จุน","cth_province_33"
"cth_district_460","เชียงคำ","cth_province_33"
"cth_district_461","เชียงม่วน","cth_province_33"
"cth_district_462","ดอกคำใต้","cth_province_33"
"cth_district_463","ปง","cth_province_33"
"cth_district_464","แม่ใจ","cth_province_33"
"cth_district_465","ภูซาง","cth_province_33"
"cth_district_466","ภูกามยาว","cth_province_33"
"cth_district_467","เมืองพังงา","cth_province_34"
"cth_district_468","กะปง","cth_province_34"
"cth_district_469","เกาะยาว","cth_province_34"
"cth_district_470","คุระบุรี","cth_province_34"
"cth_district_471","ตะกั่วทุ่ง","cth_province_34"
"cth_district_472","ตะกั่วป่า","cth_province_34"
"cth_district_473","ทับปุด","cth_province_34"
"cth_district_474","ท้ายเหมือง","cth_province_34"
"cth_district_475","เมืองพัทลุง","cth_province_35"
"cth_district_476","กงหรา","cth_province_35"
"cth_district_477","เขาชัยสน","cth_province_35"
"cth_district_478","ควนขนุน","cth_province_35"
"cth_district_479","ตะโหมด","cth_province_35"
"cth_district_480","ปากพะยูน","cth_province_35"
"cth_district_481","ป่าบอน","cth_province_35"
"cth_district_482","ป่าพะยอม","cth_province_35"
"cth_district_483","ศรีบรรพต","cth_province_35"
"cth_district_484","บางแก้ว","cth_province_35"
"cth_district_485","ศรีนครินทร์","cth_province_35"
"cth_district_486","เมืองพิจิตร","cth_province_36"
"cth_district_487","ตะพานหิน","cth_province_36"
"cth_district_488","ทับคล้อ","cth_province_36"
"cth_district_489","บางมูลนาก","cth_province_36"
"cth_district_490","โพทะเล","cth_province_36"
"cth_district_491","โพธิ์ประทับช้าง","cth_province_36"
"cth_district_492","สามง่าม","cth_province_36"
"cth_district_493","วังทรายพูน","cth_province_36"
"cth_district_494","สากเหล็ก","cth_province_36"
"cth_district_495","บึงนาราง","cth_province_36"
"cth_district_496","ดงเจริญ","cth_province_36"
"cth_district_497","วชิรบารมี","cth_province_36"
"cth_district_498","เมืองพิษณุโลก","cth_province_37"
"cth_district_499","นครไทย","cth_province_37"
"cth_district_500","ชาติตระการ","cth_province_37"
"cth_district_5cth_province_1","เนินมะปราง","cth_province_37"
"cth_district_502","บางกระทุ่ม","cth_province_37"
"cth_district_503","บางระกำ","cth_province_37"
"cth_district_504","พรหมพิราม","cth_province_37"
"cth_district_505","วังทอง","cth_province_37"
"cth_district_506","วัดโบสถ์","cth_province_37"
"cth_district_507","เมืองเพชรบุรี","cth_province_38"
"cth_district_508","แก่งกระจาน","cth_province_38"
"cth_district_509","เขาย้อย","cth_province_38"
"cth_district_510","ชะอำ","cth_province_38"
"cth_district_511","ท่ายาง","cth_province_38"
"cth_district_512","บ้านลาด","cth_province_38"
"cth_district_513","บ้านแหลม","cth_province_38"
"cth_district_514","หนองหญ้าปล้อง","cth_province_38"
"cth_district_515","เมืองเพชรบูรณ์","cth_province_39"
"cth_district_516","เขาค้อ","cth_province_39"
"cth_district_517","ชนแดน","cth_province_39"
"cth_district_518","น้ำหนาว","cth_province_39"
"cth_district_519","บึงสามพัน","cth_province_39"
"cth_district_520","วิเชียรบุรี","cth_province_39"
"cth_district_521","ศรีเทพ","cth_province_39"
"cth_district_522","หนองไผ่","cth_province_39"
"cth_district_523","หล่มเก่า","cth_province_39"
"cth_district_524","หล่มสัก","cth_province_39"
"cth_district_525","วังโป่ง","cth_province_39"
"cth_district_526","เมืองแพร่","cth_province_40"
"cth_district_527","เด่นชัย","cth_province_40"
"cth_district_528","ร้องกวาง","cth_province_40"
"cth_district_529","ลอง","cth_province_40"
"cth_district_530","วังชิ้น","cth_province_40"
"cth_district_531","สอง","cth_province_40"
"cth_district_532","หนองม่วงไข่","cth_province_40"
"cth_district_533","สูงเม่น","cth_province_40"
"cth_district_534","เมืองภูเก็ต","cth_province_41"
"cth_district_535","กะทู้","cth_province_41"
"cth_district_536","ถลาง","cth_province_41"
"cth_district_537","เมืองมหาสารคาม","cth_province_42"
"cth_district_538","กันทรวิชัย","cth_province_42"
"cth_district_539","แกดำ","cth_province_42"
"cth_district_540","โกสุมพิสัย","cth_province_42"
"cth_district_541","เชียงยืน","cth_province_42"
"cth_district_542","นาเชือก","cth_province_42"
"cth_district_543","นาดูน","cth_province_42"
"cth_district_544","บรบือ","cth_province_42"
"cth_district_545","พยัคฆภูมิพิสัย","cth_province_42"
"cth_district_546","วาปีปทุม","cth_province_42"
"cth_district_547","กุดรัง","cth_province_42"
"cth_district_548","ยางสีสุราช","cth_province_42"
"cth_district_549","ชื่นชม","cth_province_42"
"cth_district_550","เมืองมุกดาหาร","cth_province_43"
"cth_district_551","คำชะอี","cth_province_43"
"cth_district_552","ดงหลวง","cth_province_43"
"cth_district_553","ดอนตาล","cth_province_43"
"cth_district_554","นิคมคำสร้อย","cth_province_43"
"cth_district_555","หนองสูง","cth_province_43"
"cth_district_556","หว้านใหญ่","cth_province_43"
"cth_district_557","เมืองแม่ฮ่องสอน","cth_province_44"
"cth_district_558","ขุนยวม","cth_province_44"
"cth_district_559","ปางมะผ้า","cth_province_44"
"cth_district_560","ปาย","cth_province_44"
"cth_district_561","แม่ลาน้อย","cth_province_44"
"cth_district_562","แม่สะเรียง","cth_province_44"
"cth_district_563","สบเมย","cth_province_44"
"cth_district_564","เมืองยโสธร","cth_province_45"
"cth_district_565","กุดชุม","cth_province_45"
"cth_district_566","ค้อวัง","cth_province_45"
"cth_district_567","คำเขื่อนแก้ว","cth_province_45"
"cth_district_568","ไทยเจริญ","cth_province_45"
"cth_district_569","ทรายมูล","cth_province_45"
"cth_district_570","ป่าติ้ว","cth_province_45"
"cth_district_571","มหาชนะชัย","cth_province_45"
"cth_district_572","เลิงนกทา","cth_province_45"
"cth_district_573","เมืองยะลา","cth_province_46"
"cth_district_574","กาบัง","cth_province_46"
"cth_district_575","กรงปินัง","cth_province_46"
"cth_district_576","ธารโต","cth_province_46"
"cth_district_577","บันนังสตา","cth_province_46"
"cth_district_578","เบตง","cth_province_46"
"cth_district_579","ยะหา","cth_province_46"
"cth_district_580","รามัน","cth_province_46"
"cth_district_581","เมืองร้อยเอ็ด","cth_province_47"
"cth_district_582","เกษตรวิสัย","cth_province_47"
"cth_district_583","จตุรพักตร์พิมาน","cth_province_47"
"cth_district_584","จังหาร","cth_province_47"
"cth_district_585","ธวัชบุรี","cth_province_47"
"cth_district_586","ปทุมรัตน์","cth_province_47"
"cth_district_587","พนมไพร","cth_province_47"
"cth_district_588","โพธิ์ชัย","cth_province_47"
"cth_district_589","โพนทราย","cth_province_47"
"cth_district_590","โพนทอง","cth_province_47"
"cth_district_591","เมยวดี","cth_province_47"
"cth_district_592","เมืองสรวง","cth_province_47"
"cth_district_593","ศรีสมเด็จ","cth_province_47"
"cth_district_594","เสลภูมิ","cth_province_47"
"cth_district_595","สุวรรณภูมิ","cth_province_47"
"cth_district_596","หนองพอก","cth_province_47"
"cth_district_597","อาจสามารถ","cth_province_47"
"cth_district_598","เชียงขวัญ","cth_province_47"
"cth_district_599","หนองฮี","cth_province_47"
"cth_district_600","ทุ่งเขาหลวง","cth_province_47"
"cth_district_6cth_province_1","เมืองระนอง","cth_province_48"
"cth_district_602","กระบุรี","cth_province_48"
"cth_district_603","กะเปอร์","cth_province_48"
"cth_district_604","ละอุ่น","cth_province_48"
"cth_district_605","สุขสำราญ","cth_province_48"
"cth_district_606","เมืองระยอง","cth_province_49"
"cth_district_607","แกลง","cth_province_49"
"cth_district_608","บ้านค่าย","cth_province_49"
"cth_district_609","บ้านฉาง","cth_province_49"
"cth_district_610","ปลวกแดง","cth_province_49"
"cth_district_611","วังจันทร์","cth_province_49"
"cth_district_612","เขาชะเมา","cth_province_49"
"cth_district_613","นิคมพัฒนา","cth_province_49"
"cth_district_614","เมืองราชบุรี","cth_province_50"
"cth_district_615","จอมบึง","cth_province_50"
"cth_district_616","ดำเนินสะดวก","cth_province_50"
"cth_district_617","บางแพ","cth_province_50"
"cth_district_618","บ้านโป่ง","cth_province_50"
"cth_district_619","ปากท่อ","cth_province_50"
"cth_district_620","โพธาราม","cth_province_50"
"cth_district_621","วัดเพลง","cth_province_50"
"cth_district_622","สวนผึ้ง","cth_province_50"
"cth_district_623","บ้านคา","cth_province_50"
"cth_district_624","เมืองลพบุรี","cth_province_51"
"cth_district_625","โคกเจริญ","cth_province_51"
"cth_district_626","โคกสำโรง","cth_province_51"
"cth_district_627","ชัยบาดาล","cth_province_51"
"cth_district_628","ท่าวุ้ง","cth_province_51"
"cth_district_629","ท่าหลวง","cth_province_51"
"cth_district_630","บ้านหมี่","cth_province_51"
"cth_district_631","พัฒนานิคม","cth_province_51"
"cth_district_632","ลำสนธิ","cth_province_51"
"cth_district_633","สระโบถส์","cth_province_51"
"cth_district_634","หนองม่วง","cth_province_51"
"cth_district_635","เมืองเลย","cth_province_52"
"cth_district_636","เชียงคาน","cth_province_52"
"cth_district_637","ด่านซ้าย","cth_province_52"
"cth_district_638","ท่าลี่","cth_province_52"
"cth_district_639","นาด้วง","cth_province_52"
"cth_district_640","นาแห้ว","cth_province_52"
"cth_district_641","ปากชม","cth_province_52"
"cth_district_642","ผาขาว","cth_province_52"
"cth_district_643","ภูกระดึง","cth_province_52"
"cth_district_644","ภูเรือ","cth_province_52"
"cth_district_645","ภูหลวง","cth_province_52"
"cth_district_646","วังสะพุง","cth_province_52"
"cth_district_647","เอราวัณ","cth_province_52"
"cth_district_648","หนองหิน","cth_province_52"
"cth_district_649","เมืองลำปาง","cth_province_53"
"cth_district_650","เกาะคา","cth_province_53"
"cth_district_651","งาว","cth_province_53"
"cth_district_652","แจ้ห่ม","cth_province_53"
"cth_district_653","เถิน","cth_province_53"
"cth_district_654","แม่ทะ","cth_province_53"
"cth_district_655","แม่พริก","cth_province_53"
"cth_district_656","เมืองปาน","cth_province_53"
"cth_district_657","แม่เมาะ","cth_province_53"
"cth_district_658","วังเหนือ","cth_province_53"
"cth_district_659","สบปราบ","cth_province_53"
"cth_district_660","เสริมงาม","cth_province_53"
"cth_district_661","ห้างฉัตร","cth_province_53"
"cth_district_662","เมืองลำพูน","cth_province_54"
"cth_district_663","ทุ่งหัวช้าง","cth_province_54"
"cth_district_664","บ้านโฮ่ง","cth_province_54"
"cth_district_665","ป่าซาง","cth_province_54"
"cth_district_666","แม่ทา","cth_province_54"
"cth_district_667","ลี้","cth_province_54"
"cth_district_668","บ้านธิ","cth_province_54"
"cth_district_669","เวียงหนองล่อง","cth_province_54"
"cth_district_670","เมืองศีรสะเกษ","cth_province_55"
"cth_district_671","กันทรลักษ์","cth_province_55"
"cth_district_672","กันทรารมย์","cth_province_55"
"cth_district_673","ขุขันธ์","cth_province_55"
"cth_district_674","ขุนหาญ","cth_province_55"
"cth_district_675","น้ำเกลี้ยง","cth_province_55"
"cth_district_676","โนนคูณ","cth_province_55"
"cth_district_677","บึงบูรพ์","cth_province_55"
"cth_district_678","เบญจลักษณ์","cth_province_55"
"cth_district_679","ปรางค์กู่","cth_province_55"
"cth_district_680","พยุห์","cth_province_55"
"cth_district_681","ไพรบึง","cth_province_55"
"cth_district_682","โพธิ์ศรีสุวรรณ","cth_province_55"
"cth_district_683","ภูสิงห์","cth_province_55"
"cth_district_684","เมืองจันทร์","cth_province_55"
"cth_district_685","ยางชุมน้อย","cth_province_55"
"cth_district_686","ราษีไศล","cth_province_55"
"cth_district_687","วังหิน","cth_province_55"
"cth_district_688","ศรีรัตนะ","cth_province_55"
"cth_district_689","ห้วยทับทัน","cth_province_55"
"cth_district_690","อุทุมพรพิสัย","cth_province_55"
"cth_district_691","ศิลาลาด","cth_province_55"
"cth_district_692","เมืองสกลนคร","cth_province_56"
"cth_district_693","กุดบาก","cth_province_56"
"cth_district_694","กุสุมาลย์","cth_province_56"
"cth_district_695","คำตากล้า","cth_province_56"
"cth_district_696","เจริญศิลป์","cth_province_56"
"cth_district_697","เต่างอย","cth_province_56"
"cth_district_698","นิคมน้ำอูน","cth_province_56"
"cth_district_699","บ้านม่วง","cth_province_56"
"cth_district_700","พรรณานิคม","cth_province_56"
"cth_district_7cth_province_1","พังโคน","cth_province_56"
"cth_district_702","วานรนิวาส","cth_province_56"
"cth_district_703","วาริชภูมิ","cth_province_56"
"cth_district_704","โคกศรีสุพรรณ","cth_province_56"
"cth_district_705","สว่างแดนดิน","cth_province_56"
"cth_district_706","ส่องดาว","cth_province_56"
"cth_district_707","อากาศอำนวย","cth_province_56"
"cth_district_708","ภูพาน","cth_province_56"
"cth_district_709","โพนนาแก้ว","cth_province_56"
"cth_district_710","เมืองสงขลา","cth_province_57"
"cth_district_711","กระแสสินธุ์","cth_province_57"
"cth_district_712","ควนเนียง","cth_province_57"
"cth_district_713","จะนะ","cth_province_57"
"cth_district_714","เทพา","cth_province_57"
"cth_district_715","นาทวี","cth_province_57"
"cth_district_716","นาหม่อม","cth_province_57"
"cth_district_717","บางกล่ำ","cth_province_57"
"cth_district_718","ระโนด","cth_province_57"
"cth_district_719","รัตภูมิ","cth_province_57"
"cth_district_720","สทิงพระ","cth_province_57"
"cth_district_721","สะเดา","cth_province_57"
"cth_district_722","สะบ้าย้อย","cth_province_57"
"cth_district_723","สิงหนคร","cth_province_57"
"cth_district_724","หาดใหญ่","cth_province_57"
"cth_district_725","คลองหอยโข่ง","cth_province_57"
"cth_district_726","เมืองสตูล","cth_province_58"
"cth_district_727","ควนกาหลง","cth_province_58"
"cth_district_728","ควนโดน","cth_province_58"
"cth_district_729","ท่าแพ","cth_province_58"
"cth_district_730","ทุ่งหว้า","cth_province_58"
"cth_district_731","ละงู","cth_province_58"
"cth_district_732","มะนัง","cth_province_58"
"cth_district_733","เมืองสมุทรปราการ","cth_province_59"
"cth_district_734","บางบ่อ","cth_province_59"
"cth_district_735","บางพลี","cth_province_59"
"cth_district_736","พระประแดง","cth_province_59"
"cth_district_737","พระสมุทรเจดีย์","cth_province_59"
"cth_district_738","บางเสาธง","cth_province_59"
"cth_district_739","เมืองสมุทรสงคราม","cth_province_60"
"cth_district_740","บางคณที","cth_province_60"
"cth_district_741","อัมพวา","cth_province_60"
"cth_district_742","เมืองสมุทรสาคร","cth_province_61"
"cth_district_743","กระทุ่มแบน","cth_province_61"
"cth_district_744","บ้านแพ้ว","cth_province_61"
"cth_district_745","เมืองสระแก้ว","cth_province_62"
"cth_district_746","เขาฉกรรจ์","cth_province_62"
"cth_district_747","คลองหาด","cth_province_62"
"cth_district_748","ตาพระยา","cth_province_62"
"cth_district_749","วังน้ำเย็น","cth_province_62"
"cth_district_750","วัฒนานคร","cth_province_62"
"cth_district_751","อรัญประเทศ","cth_province_62"
"cth_district_752","โคกสูง","cth_province_62"
"cth_district_753","วังสมบูรณ์","cth_province_62"
"cth_district_754","เมืองสระบุรี","cth_province_63"
"cth_district_755","แก่งคอย","cth_province_63"
"cth_district_756","ดอนพุด","cth_province_63"
"cth_district_757","บ้านหมอ","cth_province_63"
"cth_district_758","พระพุทธบาท","cth_province_63"
"cth_district_759","มวกเหล็ก","cth_province_63"
"cth_district_760","วิหารแดง","cth_province_63"
"cth_district_761","เสาไห้","cth_province_63"
"cth_district_762","หนองแค","cth_province_63"
"cth_district_763","หนองแซง","cth_province_63"
"cth_district_764","หนองโดน","cth_province_63"
"cth_district_765","วังม่วง","cth_province_63"
"cth_district_766","เฉลิมพระเกียรติ","cth_province_63"
"cth_district_767","เมืองสิงห์บุรี","cth_province_64"
"cth_district_768","ค่ายบางระจัน","cth_province_64"
"cth_district_769","ท่าช้าง","cth_province_64"
"cth_district_770","บางระจัน","cth_province_64"
"cth_district_771","พรหมบุรี","cth_province_64"
"cth_district_772","อินทร์บุรี","cth_province_64"
"cth_district_773","เมืองสุโขทัย","cth_province_65"
"cth_district_774","กงไกรลาศ","cth_province_65"
"cth_district_775","คีรีมาศ","cth_province_65"
"cth_district_776","ทุ่งเสลี่ยม","cth_province_65"
"cth_district_777","บ้านด่านลานหอย","cth_province_65"
"cth_district_778","ศรีนคร","cth_province_65"
"cth_district_779","ศรีสัชนาลัย","cth_province_65"
"cth_district_780","ศรีสำโรง","cth_province_65"
"cth_district_781","สวรรคโลก","cth_province_65"
"cth_district_782","เมืองสุพรรณบุรี","cth_province_66"
"cth_district_783","ดอนเจดีย์","cth_province_66"
"cth_district_784","ด่านช้าง","cth_province_66"
"cth_district_785","เดิมบางนางบวช","cth_province_66"
"cth_district_786","บางปลาม้า","cth_province_66"
"cth_district_787","ศรีประจันต์","cth_province_66"
"cth_district_788","สองพี่น้อง","cth_province_66"
"cth_district_789","สามชุก","cth_province_66"
"cth_district_790","อู่ทอง","cth_province_66"
"cth_district_791","หนองหญ้าไซ","cth_province_66"
"cth_district_792","เมืองสุราษฎร์ธานี","cth_province_67"
"cth_district_793","กาญจนดิษฐ์","cth_province_67"
"cth_district_794","เกาะพะงัน","cth_province_67"
"cth_district_795","เกาะสมุย","cth_province_67"
"cth_district_796","คีรีรัฐนิคม","cth_province_67"
"cth_district_797","เคียนซา","cth_province_67"
"cth_district_798","ชัยบุรี","cth_province_67"
"cth_district_799","ไชยา","cth_province_67"
"cth_district_800","ดอนสัก","cth_province_67"
"cth_district_8cth_province_1","ท่าฉาง","cth_province_67"
"cth_district_802","ท่าชนะ","cth_province_67"
"cth_district_803","บ้านตาขุน","cth_province_67"
"cth_district_804","บ้านนาเดิม","cth_province_67"
"cth_district_805","บ้านนาสาร","cth_province_67"
"cth_district_806","พนม","cth_province_67"
"cth_district_807","พระแสง","cth_province_67"
"cth_district_808","พุนพิน","cth_province_67"
"cth_district_809","วิภาวดี","cth_province_67"
"cth_district_810","เวียงสระ","cth_province_67"
"cth_district_811","เมืองสุรินทร์","cth_province_68"
"cth_district_812","กาบเชิง","cth_province_68"
"cth_district_813","จอมพระ","cth_province_68"
"cth_district_814","ชุมพลบุรี","cth_province_68"
"cth_district_815","ท่าตูม","cth_province_68"
"cth_district_816","บัวเชด","cth_province_68"
"cth_district_817","ปราสาท","cth_province_68"
"cth_district_818","รัตนบุรี","cth_province_68"
"cth_district_819","ลำดวน","cth_province_68"
"cth_district_820","ศีขรภูมิ","cth_province_68"
"cth_district_821","สนม","cth_province_68"
"cth_district_822","สังขะ","cth_province_68"
"cth_district_823","สำโรงทาบ","cth_province_68"
"cth_district_824","ศรีณรงค์","cth_province_68"
"cth_district_825","พนมดงรัก","cth_province_68"
"cth_district_826","เขวาสินรินทร์","cth_province_68"
"cth_district_827","โนนนารายณ์","cth_province_68"
"cth_district_828","เมืองหนองคาย","cth_province_69"
"cth_district_829","เซกา","cth_province_69"
"cth_district_830","โซ่พิสัย","cth_province_69"
"cth_district_831","ท่าบ่อ","cth_province_69"
"cth_district_832","บึงกาฬ","cth_province_69"
"cth_district_833","บึงโขลงหลง","cth_province_69"
"cth_district_834","ปากคาด","cth_province_69"
"cth_district_835","พรเจริญ","cth_province_69"
"cth_district_836","โพนพิสัย","cth_province_69"
"cth_district_837","ศรีเชียงใหม่","cth_province_69"
"cth_district_838","ศรีวิไล","cth_province_69"
"cth_district_839","สังคม","cth_province_69"
"cth_district_840","สระใคร่","cth_province_69"
"cth_district_841","บุ่งคล้า","cth_province_69"
"cth_district_842","รัตนวาปี","cth_province_69"
"cth_district_843","เฝ้าไร่","cth_province_69"
"cth_district_844","โพธิ์ตาก","cth_province_69"
"cth_district_845","เมืองหนองบัวลำภู","cth_province_70"
"cth_district_846","นากลาง","cth_province_70"
"cth_district_847","โนนสัง","cth_province_70"
"cth_district_848","ศรีบุญเรือง","cth_province_70"
"cth_district_849","สุวรรณคูหา","cth_province_70"
"cth_district_850","นาวัง","cth_province_70"
"cth_district_851","เมืองอ่างทอง","cth_province_71"
"cth_district_852","ไชโย","cth_province_71"
"cth_district_853","ป่าโมก","cth_province_71"
"cth_district_854","โพธิ์ทอง","cth_province_71"
"cth_district_855","วิเศษชัยชาญ","cth_province_71"
"cth_district_856","สามโก้","cth_province_71"
"cth_district_857","แสวงหา","cth_province_71"
"cth_district_858","เมืองอำนาจเจริญ","cth_province_72"
"cth_district_859","ชานุมาน","cth_province_72"
"cth_district_860","ปทุมราชวงศา","cth_province_72"
"cth_district_861","พนา","cth_province_72"
"cth_district_862","เสนางคนิคม","cth_province_72"
"cth_district_863","หัวตะพาน","cth_province_72"
"cth_district_864","ลืออำนาจ","cth_province_72"
"cth_district_865","เมืองอุดรธานี","cth_province_73"
"cth_district_866","กู่แก้ว","cth_province_73"
"cth_district_867","กุดจับ","cth_province_73"
"cth_district_868","กุมภวาปี","cth_province_73"
"cth_district_869","ไชยวาน","cth_province_73"
"cth_district_870","ทุ่งฝน","cth_province_73"
"cth_district_871","นายูง","cth_province_73"
"cth_district_872","น้ำโสม","cth_province_73"
"cth_district_873","โนนสะอาด","cth_province_73"
"cth_district_874","บ้านดุง","cth_province_73"
"cth_district_875","บ้านผือ","cth_province_73"
"cth_district_876","พิบูลย์รักษ์","cth_province_73"
"cth_district_877","เพ็ญ","cth_province_73"
"cth_district_878","วังสามหมอ","cth_province_73"
"cth_district_879","ศรีธาตุ","cth_province_73"
"cth_district_880","สร้างคอม","cth_province_73"
"cth_district_881","หนองวัวซอ","cth_province_73"
"cth_district_882","หนองหาน","cth_province_73"
"cth_district_883","หนองแสง","cth_province_73"
"cth_district_884","ประจักษ์ศิลปาคาม","cth_province_73"
"cth_district_885","เมืองอุตรดิตถ์","cth_province_74"
"cth_district_886","ตรอน","cth_province_74"
"cth_district_887","ทองแสนขัน","cth_province_74"
"cth_district_888","ท่าปลา","cth_province_74"
"cth_district_889","น้ำปาด","cth_province_74"
"cth_district_890","บ้านโคก","cth_province_74"
"cth_district_891","พิชัย","cth_province_74"
"cth_district_892","ฟากท่า","cth_province_74"
"cth_district_893","ลับแล","cth_province_74"
"cth_district_894","เมืองอุทัยธานี","cth_province_75"
"cth_district_895","ทัพทัน","cth_province_75"
"cth_district_896","บ้านไร่","cth_province_75"
"cth_district_897","ลานสัก","cth_province_75"
"cth_district_898","สว่างอารมณ์","cth_province_75"
"cth_district_899","หนองขาหย่าง","cth_province_75"
"cth_district_900","หนองฉาง","cth_province_75"
"cth_district_91","ห้วยคต","cth_province_75"
"cth_district_902","เมืองอุบลราชธานี","cth_province_76"
"cth_district_903","กุดข้าวปุ้น","cth_province_76"
"cth_district_904","เขมราฐ","cth_province_76"
"cth_district_905","เขื่องใน","cth_province_76"
"cth_district_906","โขงเจียม","cth_province_76"
"cth_district_907","เดชอุดม","cth_province_76"
"cth_district_908","ตระการพืชผล","cth_province_76"
"cth_district_909","ตาลสุม","cth_province_76"
"cth_district_910","ทุ่งศรีอุดม","cth_province_76"
"cth_district_911","นาจะหลวย","cth_province_76"
"cth_district_912","น้ำยืน","cth_province_76"
"cth_district_913","บุณฑริก","cth_province_76"
"cth_district_914","พิบูลมังสาหาร","cth_province_76"
"cth_district_915","โพธิ์ไทร","cth_province_76"
"cth_district_916","ม่วงสามสิบ","cth_province_76"
"cth_district_917","เหล่าเสือโก้ก","cth_province_76"
"cth_district_918","วารินชำราบ","cth_province_76"
"cth_district_919","ศรีเมืองใหม่","cth_province_76"
"cth_district_920","สำโรง","cth_province_76"
"cth_district_921","สิรินธร","cth_province_76"
"cth_district_922","นาเยีย","cth_province_76"
"cth_district_923","นาตาล","cth_province_76"
"cth_district_924","สว่างวีระวงศ์","cth_province_76"
"cth_district_925","น้ำขุ่น","cth_province_76"
"cth_district_926","ดอนมดแดง","cth_province_76"
